instanceIndex,seedIndex,vpcGenerator,terms,lpBound,disjunctiveDualBound,lpBoundPostVpc,rootDualBound,dualBound,primalBound,vpcGenerationTime,rootDualBoundTime,bestSolutionTime,terminationTime,nodes,iterations,maxTime,actualTerms,numCuts,cutLimit,mipSolver,providePrimalBound,infeasibleTerms,feasibleToInfeasibleTerms,infeasibleToFeasibleTerms
0,4,New,64,20.570922,30.168224,29.912589,30.080030,34.000000,34.000000,0.441331,0.509539,0.563581,0.584656,342,1919,3600.000000,64,6,6,GUROBI,1,2,0,0
1,4,Old,64,21.201484,30.168224,30.063664,30.149680,34.000000,34.000000,0.212007,0.271680,0.343768,0.347660,382,1696,3600.000000,64,6,0,GUROBI,1,3,1,0
10,4,Old,64,20.570922,30.168224,29.801253,29.927598,34.000000,34.000000,0.209014,0.279464,0.330912,0.348788,336,1713,3600.000000,64,6,0,GUROBI,1,2,0,0
100,4,Old,64,20.661706,30.276423,29.769524,29.935598,34.000000,34.000000,0.211666,0.275766,0.360861,0.368184,455,2072,3600.000000,64,6,0,GUROBI,1,3,1,0
101,4,Old,64,20.661706,30.276423,29.831213,29.958336,34.000000,34.000000,0.216117,0.276926,0.341397,0.347544,331,1650,3600.000000,64,6,0,GUROBI,1,3,1,0
102,4,Old,64,20.570922,30.168224,29.802739,29.950653,34.000000,34.000000,0.202796,0.274165,0.300397,0.333538,257,1668,3600.000000,64,6,0,GUROBI,1,2,0,0
103,4,Old,64,21.143215,30.175190,29.867331,29.937413,34.000000,34.000000,0.211697,0.277582,0.342090,0.345436,321,1637,3600.000000,64,6,0,GUROBI,1,3,1,0
104,4,Old,64,20.786773,30.168224,29.935007,30.112399,34.000000,34.000000,0.214269,0.266575,0.323607,0.340715,311,1771,3600.000000,64,6,0,GUROBI,1,2,0,0
105,4,Old,64,21.478005,30.168224,29.649152,29.922476,34.000000,34.000000,0.212686,0.281587,0.308228,0.336306,247,1438,3600.000000,64,5,0,GUROBI,1,3,1,0
106,4,Old,64,21.143215,30.175190,29.732948,30.053786,34.000000,34.000000,0.203217,0.271916,0.334759,0.335681,296,1608,3600.000000,64,6,0,GUROBI,1,3,1,0
107,4,Old,64,20.867510,30.265287,30.191993,30.317523,34.000000,34.000000,0.235487,0.301358,0.408609,0.414942,590,2486,3600.000000,64,7,0,GUROBI,1,2,0,0
108,4,Old,64,20.570922,30.168224,29.802739,29.950653,34.000000,34.000000,0.201989,0.270361,0.296654,0.329834,257,1668,3600.000000,64,6,0,GUROBI,1,2,0,0
109,4,Old,64,20.570922,30.168224,29.855264,30.043716,34.000000,34.000000,0.212067,0.279679,0.349832,0.360626,361,1942,3600.000000,64,6,0,GUROBI,1,2,0,0
11,4,Old,64,21.201484,30.425749,29.978753,30.083192,34.000000,34.000000,0.204838,0.276551,0.315909,0.325642,250,1296,3600.000000,64,6,0,GUROBI,1,3,1,0
110,4,Old,64,20.570922,30.168224,29.802739,29.950653,34.000000,34.000000,0.205737,0.270557,0.296746,0.329795,257,1668,3600.000000,64,6,0,GUROBI,1,2,0,0
111,4,Old,64,21.201484,30.168224,29.808645,29.941915,34.000000,34.000000,0.215684,0.282860,0.359508,0.364511,378,1890,3600.000000,64,6,0,GUROBI,1,3,1,0
112,4,Old,64,20.661706,30.276423,30.067228,30.226443,34.000000,34.000000,0.205396,0.265652,0.297367,0.315969,241,1328,3600.000000,64,6,0,GUROBI,1,3,1,0
113,4,Old,64,20.570922,30.168224,29.802739,29.950653,34.000000,34.000000,0.205914,0.276177,0.302509,0.335615,257,1668,3600.000000,64,6,0,GUROBI,1,2,0,0
114,4,Old,64,20.570922,30.168224,29.857333,30.060118,34.000000,34.000000,0.209049,0.268760,0.335867,0.339799,360,1892,3600.000000,64,6,0,GUROBI,1,2,0,0
115,4,Old,64,21.073498,30.327890,30.036902,30.177254,34.000000,34.000000,0.199752,0.273642,0.331169,0.341769,343,1600,3600.000000,64,6,0,GUROBI,1,3,1,0
116,4,Old,64,21.478005,30.168224,29.649152,29.907501,34.000000,34.000000,0.204786,0.268332,0.312083,0.331082,275,1590,3600.000000,64,5,0,GUROBI,1,3,1,0
117,4,Old,64,20.570922,30.168224,29.857333,30.060118,34.000000,34.000000,0.207316,0.267571,0.332751,0.336671,360,1892,3600.000000,64,6,0,GUROBI,1,2,0,0
118,4,Old,64,21.201484,30.168224,29.808645,29.941915,34.000000,34.000000,0.214576,0.280168,0.354735,0.359750,378,1890,3600.000000,64,6,0,GUROBI,1,3,1,0
119,4,Old,64,20.570922,30.327890,29.776418,30.002716,34.000000,34.000000,0.221265,0.297432,0.330071,0.347730,229,1345,3600.000000,64,6,0,GUROBI,1,2,0,0
12,4,Old,64,21.201484,30.168224,29.834357,29.977743,34.000000,34.000000,0.205748,0.277355,0.386255,0.387237,551,2440,3600.000000,64,6,0,GUROBI,1,3,1,0
120,4,Old,64,20.570922,30.327890,29.776418,30.002716,34.000000,34.000000,0.220496,0.303883,0.336602,0.354312,229,1345,3600.000000,64,6,0,GUROBI,1,2,0,0
121,4,Old,64,20.661706,30.276423,29.831213,29.958336,34.000000,34.000000,0.214955,0.275354,0.339961,0.346114,331,1650,3600.000000,64,6,0,GUROBI,1,3,1,0
122,4,Old,64,20.570922,30.168224,29.841490,29.919711,34.000000,34.000000,0.215111,0.279160,0.341229,0.342624,248,1525,3600.000000,64,6,0,GUROBI,1,2,0,0
123,4,Old,64,20.570922,30.168224,29.795377,29.943337,34.000000,34.000000,0.211801,0.281604,0.287372,0.326081,200,1210,3600.000000,64,6,0,GUROBI,1,2,0,0
124,4,Old,64,21.201484,30.168224,29.815573,29.943871,34.000000,34.000000,0.210538,0.274616,0.326890,0.355370,471,2048,3600.000000,64,6,0,GUROBI,1,3,1,0
125,4,Old,64,21.621435,30.276423,29.711850,29.932946,34.000000,34.000000,0.220039,0.286750,0.323498,0.335061,295,1328,3600.000000,64,6,0,GUROBI,1,3,1,0
126,4,Old,64,20.570922,30.168224,29.802739,29.950653,34.000000,34.000000,0.203674,0.274045,0.300320,0.333508,257,1668,3600.000000,64,6,0,GUROBI,1,2,0,0
127,4,Old,64,20.570922,30.168224,29.841446,29.919711,34.000000,34.000000,0.217335,0.277858,0.343646,0.353777,330,1773,3600.000000,64,6,0,GUROBI,1,2,0,0
128,4,Old,64,20.867510,30.265287,30.158566,30.431071,34.000000,34.000000,0.226148,0.286564,0.353965,0.355117,283,1649,3600.000000,64,7,0,GUROBI,1,2,0,0
129,4,Old,64,20.570922,30.168224,29.795123,29.965269,34.000000,34.000000,0.219693,0.291042,0.353766,0.356186,288,1703,3600.000000,64,6,0,GUROBI,1,2,0,0
13,4,Old,64,20.570922,30.168224,29.795123,29.965269,34.000000,34.000000,0.217664,0.286640,0.349509,0.351948,288,1703,3600.000000,64,6,0,GUROBI,1,2,0,0
130,4,Old,64,20.570922,30.168224,29.802739,29.939590,34.000000,34.000000,0.204798,0.277579,0.355321,0.371484,432,2108,3600.000000,64,6,0,GUROBI,1,2,0,0
131,4,Old,64,20.786773,30.168224,29.935007,30.112399,34.000000,34.000000,0.214956,0.269494,0.327717,0.345140,311,1760,3600.000000,64,6,0,GUROBI,1,2,0,0
132,4,Old,64,21.201484,30.168224,29.808645,29.941915,34.000000,34.000000,0.216096,0.280228,0.354662,0.359627,378,1890,3600.000000,64,6,0,GUROBI,1,3,1,0
133,4,Old,64,20.570922,30.168224,29.802739,29.950653,34.000000,34.000000,0.203094,0.273898,0.300243,0.333482,257,1668,3600.000000,64,6,0,GUROBI,1,2,0,0
134,4,Old,64,21.073498,30.327890,30.036902,30.177254,34.000000,34.000000,0.198263,0.271784,0.312952,0.332955,337,1495,3600.000000,64,6,0,GUROBI,1,3,1,0
135,4,Old,64,20.786773,30.168224,29.929153,30.160191,34.000000,34.000000,0.215575,0.271705,0.293221,0.315148,208,1166,3600.000000,64,6,0,GUROBI,1,2,0,0
136,4,Old,64,20.570922,30.168224,29.802739,29.950653,34.000000,34.000000,0.203833,0.274878,0.303375,0.351589,257,1668,3600.000000,64,6,0,GUROBI,1,2,0,0
137,4,Old,64,20.786773,30.168224,29.783088,30.030380,34.000000,34.000000,0.205723,0.261755,0.315456,0.317959,249,1386,3600.000000,64,6,0,GUROBI,1,2,0,0
138,4,Old,64,20.786773,30.168224,29.960415,30.239438,34.000000,34.000000,0.208675,0.270091,0.350046,0.355684,367,2016,3600.000000,64,6,0,GUROBI,1,2,0,0
139,4,Old,64,20.570922,30.168224,29.806355,29.957402,34.000000,34.000000,0.209456,0.283857,0.321589,0.343763,287,1602,3600.000000,64,6,0,GUROBI,1,2,0,0
14,4,Old,64,21.047707,30.168224,30.046188,30.210327,34.000000,34.000000,0.220092,0.280334,0.303208,0.335500,256,1416,3600.000000,64,6,0,GUROBI,1,3,1,0
140,4,Old,64,20.661706,30.328088,29.945267,30.119734,34.000000,34.000000,0.226943,0.297616,0.358496,0.360494,336,1614,3600.000000,64,6,0,GUROBI,1,3,1,0
141,4,Old,64,20.786773,30.168224,29.783088,30.030380,34.000000,34.000000,0.203664,0.259921,0.313767,0.316287,249,1386,3600.000000,64,6,0,GUROBI,1,2,0,0
142,4,Old,64,20.570922,30.168224,29.736652,29.926043,34.000000,34.000000,0.229507,0.306649,0.336187,0.361018,262,1542,3600.000000,64,6,0,GUROBI,1,2,0,0
143,4,Old,64,20.570922,30.168224,29.802739,29.950653,34.000000,34.000000,0.206820,0.277309,0.303555,0.336729,257,1668,3600.000000,64,6,0,GUROBI,1,2,0,0
144,4,Old,64,20.877963,30.168224,29.858487,30.183716,34.000000,34.000000,0.211690,0.271350,0.360136,0.363262,432,2188,3600.000000,64,6,0,GUROBI,1,3,1,0
145,4,Old,64,20.570922,30.168224,29.736652,29.926043,34.000000,34.000000,0.230800,0.309816,0.340143,0.365372,262,1542,3600.000000,64,6,0,GUROBI,1,2,0,0
146,4,Old,64,20.570922,30.327890,29.776418,30.002716,34.000000,34.000000,0.220412,0.296866,0.329581,0.347259,229,1345,3600.000000,64,6,0,GUROBI,1,2,0,0
147,4,Old,64,21.201484,30.168224,29.834357,29.970804,34.000000,34.000000,0.207283,0.274427,0.320653,0.337433,287,1568,3600.000000,64,6,0,GUROBI,1,3,1,0
148,4,Old,64,20.570922,30.168224,29.802739,29.950653,34.000000,34.000000,0.203087,0.276244,0.303535,0.337731,257,1668,3600.000000,64,6,0,GUROBI,1,2,0,0
149,4,Old,64,20.570922,30.168224,29.802739,29.950653,34.000000,34.000000,0.204192,0.275082,0.302463,0.336667,257,1668,3600.000000,64,6,0,GUROBI,1,2,0,0
15,4,Old,64,20.570922,30.168224,29.802739,29.950653,34.000000,34.000000,0.205407,0.276603,0.304179,0.338007,257,1668,3600.000000,64,6,0,GUROBI,1,2,0,0
150,4,Old,64,20.570922,30.377857,30.026208,30.172022,34.000000,34.000000,0.200999,0.263032,0.302328,0.324061,318,1750,3600.000000,64,6,0,GUROBI,1,2,0,0
151,4,Old,64,21.156312,30.328088,30.082418,30.181097,34.000000,34.000000,0.225700,0.295439,0.307532,0.347668,233,1351,3600.000000,64,7,0,GUROBI,1,3,1,0
152,4,Old,64,21.143215,30.175190,29.690091,29.976999,34.000000,34.000000,0.205271,0.287067,0.408830,0.410083,544,2476,3600.000000,64,6,0,GUROBI,1,3,1,0
153,4,Old,64,20.570922,30.168224,29.795123,29.965269,34.000000,34.000000,0.221419,0.292894,0.355806,0.358235,288,1703,3600.000000,64,6,0,GUROBI,1,2,0,0
154,4,Old,64,20.570922,30.168224,29.802739,29.950653,34.000000,34.000000,0.205911,0.277437,0.304849,0.339231,257,1668,3600.000000,64,6,0,GUROBI,1,2,0,0
155,4,Old,64,20.661706,30.276423,29.925178,30.033438,34.000000,34.000000,0.227638,0.280839,0.327719,0.347470,327,1644,3600.000000,64,6,0,GUROBI,1,3,1,0
156,4,Old,64,20.570922,30.168224,29.770465,29.972936,34.000000,34.000000,0.211265,0.270757,0.350446,0.351530,317,1873,3600.000000,64,6,0,GUROBI,1,2,0,0
157,4,Old,64,20.570922,30.168224,29.857333,30.060118,34.000000,34.000000,0.207919,0.268567,0.336589,0.340804,360,1892,3600.000000,64,6,0,GUROBI,1,2,0,0
158,4,Old,64,21.348479,30.175190,30.049537,30.187005,34.000000,34.000000,0.217255,0.279199,0.333141,0.342102,301,1668,3600.000000,64,6,0,GUROBI,1,3,1,0
159,4,Old,64,21.727119,30.175190,30.068019,30.174293,34.000000,34.000000,0.241013,0.317114,0.404737,0.408931,454,2279,3600.000000,64,7,0,GUROBI,1,3,1,0
16,4,Old,64,20.570922,30.168224,29.795123,29.965269,34.000000,34.000000,0.220092,0.290093,0.352594,0.355269,288,1703,3600.000000,64,6,0,GUROBI,1,2,0,0
160,4,Old,64,20.877963,30.168224,29.910800,30.063255,34.000000,34.000000,0.214802,0.280416,0.382247,0.387613,507,2422,3600.000000,64,6,0,GUROBI,1,3,1,0
161,4,Old,64,20.570922,30.168224,29.802739,29.939590,34.000000,34.000000,0.205480,0.277337,0.355398,0.370655,432,2108,3600.000000,64,6,0,GUROBI,1,2,0,0
162,4,Old,64,21.289350,30.357663,30.220610,30.398529,34.000000,34.000000,0.208466,0.275562,0.344955,0.357908,356,1859,3600.000000,64,6,0,GUROBI,1,3,1,0
163,4,Old,64,20.570922,30.168224,29.802739,29.950653,34.000000,34.000000,0.207521,0.275942,0.302253,0.335498,257,1668,3600.000000,64,6,0,GUROBI,1,2,0,0
164,4,Old,64,20.867510,30.265287,30.136623,30.282185,34.000000,34.000000,0.278874,0.337524,0.361626,0.400088,244,1742,3600.000000,64,7,0,GUROBI,1,2,0,0
165,4,Old,64,21.143215,30.175190,29.732948,30.053786,34.000000,34.000000,0.204620,0.272979,0.335954,0.336841,296,1608,3600.000000,64,6,0,GUROBI,1,3,1,0
166,4,Old,64,21.073498,30.327890,30.036902,30.177254,34.000000,34.000000,0.198072,0.271602,0.329320,0.340403,343,1600,3600.000000,64,6,0,GUROBI,1,3,1,0
167,4,Old,64,20.570922,30.168224,29.802739,29.950653,34.000000,34.000000,0.198386,0.268386,0.295878,0.330313,257,1668,3600.000000,64,6,0,GUROBI,1,2,0,0
168,4,Old,64,20.786773,30.168224,29.935007,30.112399,34.000000,34.000000,0.216135,0.269847,0.325149,0.341845,311,1760,3600.000000,64,6,0,GUROBI,1,2,0,0
169,4,Old,64,20.570922,30.168224,29.802739,29.950653,34.000000,34.000000,0.205180,0.275536,0.302984,0.337336,257,1668,3600.000000,64,6,0,GUROBI,1,2,0,0
17,4,Old,64,20.570922,30.168224,29.802739,29.950653,34.000000,34.000000,0.207230,0.278318,0.304824,0.338186,257,1668,3600.000000,64,6,0,GUROBI,1,2,0,0
170,4,Old,64,20.570922,30.168224,29.810502,29.921992,34.000000,34.000000,0.231001,0.301877,0.307543,0.352981,226,1319,3600.000000,64,6,0,GUROBI,1,2,0,0
171,4,Old,64,21.201484,30.168224,29.820190,29.953251,34.000000,34.000000,0.206926,0.268188,0.298192,0.317389,208,1316,3600.000000,64,6,0,GUROBI,1,3,1,0
172,4,Old,64,21.201484,30.168224,30.126718,30.252295,34.000000,34.000000,0.208112,0.277400,0.379820,0.388446,540,2667,3600.000000,64,6,0,GUROBI,1,3,1,0
173,4,Old,64,20.570922,30.168224,29.802739,29.950653,34.000000,34.000000,0.203323,0.271722,0.298016,0.331193,257,1668,3600.000000,64,6,0,GUROBI,1,2,0,0
174,4,Old,64,20.941282,30.276423,30.030739,30.245807,34.000000,34.000000,0.214910,0.267410,0.303082,0.321998,211,1395,3600.000000,64,6,0,GUROBI,1,3,1,0
175,4,Old,64,22.206630,30.265287,30.167876,30.414864,34.000000,34.000000,0.214775,0.284033,0.325898,0.346809,319,1688,3600.000000,64,6,0,GUROBI,1,3,1,0
176,4,Old,64,20.661706,30.276423,29.925178,30.033438,34.000000,34.000000,0.226268,0.280146,0.325820,0.346154,327,1644,3600.000000,64,6,0,GUROBI,1,3,1,0
177,4,Old,64,20.661706,30.276423,29.831213,29.958336,34.000000,34.000000,0.217168,0.279121,0.346582,0.352874,331,1650,3600.000000,64,6,0,GUROBI,1,3,1,0
178,4,Old,64,21.201484,30.168224,29.808645,29.941915,34.000000,34.000000,0.217060,0.282501,0.357098,0.362089,378,1890,3600.000000,64,6,0,GUROBI,1,3,1,0
179,4,Old,64,20.570922,30.168224,29.802739,29.950653,34.000000,34.000000,0.205512,0.277158,0.304305,0.339066,257,1668,3600.000000,64,6,0,GUROBI,1,2,0,0
18,4,Old,64,20.570922,30.168224,29.806355,29.957402,34.000000,34.000000,0.208857,0.284636,0.322655,0.344170,287,1602,3600.000000,64,6,0,GUROBI,1,2,0,0
180,4,Old,64,21.428666,30.175190,30.121898,30.281290,34.000000,34.000000,0.221145,0.290397,0.352072,0.354917,280,1657,3600.000000,64,6,0,GUROBI,1,3,1,0
181,4,Old,64,20.661706,30.276423,29.831213,29.958336,34.000000,34.000000,0.216963,0.277585,0.344326,0.350811,331,1650,3600.000000,64,6,0,GUROBI,1,3,1,0
182,4,Old,64,20.570922,30.168224,29.801253,29.927598,34.000000,34.000000,0.207908,0.279162,0.329550,0.346836,336,1713,3600.000000,64,6,0,GUROBI,1,2,0,0
183,4,Old,64,21.143215,30.175190,29.796155,29.981390,34.000000,34.000000,0.220846,0.283178,0.305692,0.328988,183,1238,3600.000000,64,6,0,GUROBI,1,3,1,0
184,4,Old,64,21.073498,30.327890,30.036902,30.177254,34.000000,34.000000,0.199555,0.274164,0.316303,0.336207,337,1495,3600.000000,64,6,0,GUROBI,1,3,1,0
185,4,Old,64,20.570922,30.327890,29.776418,30.002716,34.000000,34.000000,0.222270,0.298899,0.332412,0.350195,229,1345,3600.000000,64,6,0,GUROBI,1,2,0,0
186,4,Old,64,20.570922,30.168224,29.787914,29.948900,34.000000,34.000000,0.220520,0.295033,0.394310,0.408409,540,2619,3600.000000,64,6,0,GUROBI,1,2,0,0
187,4,Old,64,21.073498,30.455532,30.025952,30.248167,34.000000,34.000000,0.201911,0.264461,0.312514,0.319554,264,1484,3600.000000,64,6,0,GUROBI,1,3,1,0
188,4,Old,64,20.877963,30.168224,30.044044,30.179066,34.000000,34.000000,0.216699,0.275715,0.292771,0.318340,192,1159,3600.000000,64,6,0,GUROBI,1,3,1,0
189,4,Old,64,20.570922,30.168224,29.802739,29.950653,34.000000,34.000000,0.206145,0.275682,0.301959,0.335108,257,1668,3600.000000,64,6,0,GUROBI,1,2,0,0
19,4,Old,64,20.661706,30.276423,29.831213,29.958336,34.000000,34.000000,0.214615,0.276447,0.340752,0.346958,331,1637,3600.000000,64,6,0,GUROBI,1,3,1,0
190,4,Old,64,20.570922,30.168224,29.802739,29.950653,34.000000,34.000000,0.204982,0.276320,0.303293,0.337409,257,1668,3600.000000,64,6,0,GUROBI,1,2,0,0
191,4,Old,64,20.786773,30.168224,29.929153,30.170445,34.000000,34.000000,0.220588,0.285457,0.320884,0.349729,282,1564,3600.000000,64,6,0,GUROBI,1,2,0,0
192,4,Old,64,20.570922,30.168224,29.802739,29.950653,34.000000,34.000000,0.203710,0.276917,0.304041,0.338113,257,1668,3600.000000,64,6,0,GUROBI,1,2,0,0
193,4,Old,64,21.143215,30.175190,29.732948,30.053786,34.000000,34.000000,0.204051,0.271821,0.336968,0.337848,296,1608,3600.000000,64,6,0,GUROBI,1,3,1,0
194,4,Old,64,21.348479,30.175190,30.084105,30.199446,34.000000,34.000000,0.245939,0.305082,0.405678,0.416886,492,2723,3600.000000,64,6,0,GUROBI,1,3,1,0
195,4,Old,64,21.201484,30.168224,29.808645,29.941915,34.000000,34.000000,0.216007,0.277561,0.352130,0.357136,378,1890,3600.000000,64,6,0,GUROBI,1,3,1,0
196,4,Old,64,20.570922,30.168224,29.802739,29.950653,34.000000,34.000000,0.206402,0.276080,0.302368,0.335439,257,1668,3600.000000,64,6,0,GUROBI,1,2,0,0
197,4,Old,64,21.073498,30.327890,30.036902,30.177254,34.000000,34.000000,0.206993,0.280901,0.338298,0.348607,343,1600,3600.000000,64,6,0,GUROBI,1,3,1,0
198,4,Old,64,20.570922,30.168224,29.841490,29.919711,34.000000,34.000000,0.217949,0.279952,0.340273,0.341650,248,1525,3600.000000,64,6,0,GUROBI,1,2,0,0
199,4,Old,64,20.570922,30.168224,29.802739,29.950653,34.000000,34.000000,0.202743,0.273413,0.301167,0.335421,257,1668,3600.000000,64,6,0,GUROBI,1,2,0,0
2,4,Old,64,20.570922,30.168224,29.787914,29.948900,34.000000,34.000000,0.221885,0.296265,0.395277,0.409326,540,2619,3600.000000,64,6,0,GUROBI,1,2,0,0
20,4,Old,64,20.570922,30.168224,29.801253,29.927598,34.000000,34.000000,0.209151,0.279573,0.336821,0.353646,336,1713,3600.000000,64,6,0,GUROBI,1,2,0,0
200,4,Old,64,20.841578,30.276423,30.100651,30.215095,34.000000,34.000000,0.229723,0.275153,0.285538,0.308811,171,991,3600.000000,64,7,0,GUROBI,1,3,1,0
21,4,Old,64,20.570922,30.168224,29.857333,30.060118,34.000000,34.000000,0.203944,0.263282,0.328639,0.332583,360,1892,3600.000000,64,6,0,GUROBI,1,2,0,0
22,4,Old,64,20.570922,30.168224,29.806355,29.957402,34.000000,34.000000,0.208346,0.277951,0.313783,0.334550,287,1602,3600.000000,64,6,0,GUROBI,1,2,0,0
23,4,Old,64,20.877963,30.168224,29.991927,30.121569,34.000000,34.000000,0.213869,0.274806,0.282574,0.312704,153,1070,3600.000000,64,6,0,GUROBI,1,3,1,0
24,4,Old,64,20.570922,30.168224,29.802739,29.950653,34.000000,34.000000,0.213395,0.285825,0.312073,0.345135,257,1668,3600.000000,64,6,0,GUROBI,1,2,0,0
25,4,Old,64,21.073498,30.327890,30.036902,30.177254,34.000000,34.000000,0.200876,0.273962,0.329471,0.339847,343,1600,3600.000000,64,6,0,GUROBI,1,3,1,0
26,4,Old,64,20.570922,30.168224,29.802739,29.950653,34.000000,34.000000,0.204244,0.275095,0.301454,0.334824,257,1668,3600.000000,64,6,0,GUROBI,1,2,0,0
27,4,Old,64,21.073498,30.327890,30.036902,30.177254,34.000000,34.000000,0.202909,0.276691,0.332398,0.342791,343,1600,3600.000000,64,6,0,GUROBI,1,3,1,0
28,4,Old,64,20.570922,30.168224,29.802739,29.950653,34.000000,34.000000,0.202235,0.268750,0.295043,0.328298,257,1668,3600.000000,64,6,0,GUROBI,1,2,0,0
29,4,Old,64,20.570922,30.168224,29.857333,30.060118,34.000000,34.000000,0.205774,0.264537,0.329694,0.333601,360,1892,3600.000000,64,6,0,GUROBI,1,2,0,0
3,4,Old,64,20.661706,30.276423,29.888267,29.996075,34.000000,34.000000,0.210436,0.268332,0.298962,0.309700,175,1082,3600.000000,64,6,0,GUROBI,1,3,1,0
30,4,Old,64,20.570922,30.168224,29.675281,29.913876,34.000000,34.000000,0.196976,0.245324,0.260436,0.290756,238,1253,3600.000000,64,6,0,GUROBI,1,2,0,0
31,4,Old,64,20.570922,30.168224,29.802739,29.950653,34.000000,34.000000,0.201910,0.270899,0.297139,0.330334,257,1668,3600.000000,64,6,0,GUROBI,1,2,0,0
32,4,Old,64,20.570922,30.168224,29.736652,29.926043,34.000000,34.000000,0.230006,0.307288,0.336672,0.361500,262,1542,3600.000000,64,6,0,GUROBI,1,2,0,0
33,4,Old,64,20.661706,30.276423,29.925178,30.033438,34.000000,34.000000,0.225862,0.279835,0.324881,0.344217,327,1644,3600.000000,64,6,0,GUROBI,1,3,1,0
34,4,Old,64,20.570922,30.168224,29.802739,29.950653,34.000000,34.000000,0.212921,0.281715,0.308006,0.341255,257,1668,3600.000000,64,6,0,GUROBI,1,2,0,0
35,4,Old,64,20.570922,30.168224,29.802739,29.950653,34.000000,34.000000,0.203801,0.277773,0.304022,0.337205,257,1668,3600.000000,64,6,0,GUROBI,1,2,0,0
36,4,Old,64,20.570922,30.168224,29.801253,29.927598,34.000000,34.000000,0.207395,0.276956,0.326239,0.342970,336,1713,3600.000000,64,6,0,GUROBI,1,2,0,0
37,4,Old,64,21.073498,30.327890,30.036902,30.177254,34.000000,34.000000,0.200255,0.269701,0.333754,0.344099,343,1601,3600.000000,64,6,0,GUROBI,1,3,1,0
38,4,Old,64,20.661706,30.276423,29.831213,29.958336,34.000000,34.000000,0.220000,0.280760,0.345427,0.351605,331,1650,3600.000000,64,6,0,GUROBI,1,3,1,0
39,4,Old,64,20.786773,30.357663,30.063786,30.355957,34.000000,34.000000,0.207002,0.285076,0.375450,0.380775,391,2230,3600.000000,64,6,0,GUROBI,1,2,0,0
4,4,Old,64,20.570922,30.168224,29.802739,29.950653,34.000000,34.000000,0.204255,0.283107,0.309294,0.342497,257,1668,3600.000000,64,6,0,GUROBI,1,2,0,0
40,4,Old,64,20.877963,30.168224,29.910800,30.063255,34.000000,34.000000,0.214836,0.280094,0.378683,0.383654,507,2422,3600.000000,64,6,0,GUROBI,1,3,1,0
41,4,Old,64,20.570922,30.168224,29.802739,29.939590,34.000000,34.000000,0.208424,0.280155,0.355592,0.370672,432,2108,3600.000000,64,6,0,GUROBI,1,2,0,0
42,4,Old,64,20.570922,30.327890,29.793130,29.909731,34.000000,34.000000,0.232666,0.295954,0.336201,0.354046,294,1509,3600.000000,64,6,0,GUROBI,1,2,0,0
43,4,Old,64,20.570922,30.168224,29.801253,29.927598,34.000000,34.000000,0.206169,0.268304,0.317481,0.334209,336,1713,3600.000000,64,6,0,GUROBI,1,2,0,0
44,4,Old,64,20.877963,30.327890,29.799039,30.140714,34.000000,34.000000,0.224134,0.290228,0.374005,0.376409,442,2239,3600.000000,64,6,0,GUROBI,1,3,1,0
45,4,Old,64,20.867510,30.265287,30.127433,30.252917,34.000000,34.000000,0.248959,0.307784,0.385640,0.385877,371,1914,3600.000000,64,7,0,GUROBI,1,2,0,0
46,4,Old,64,20.570922,30.168224,29.841490,29.919711,34.000000,34.000000,0.213608,0.276448,0.336777,0.338141,248,1525,3600.000000,64,6,0,GUROBI,1,2,0,0
47,4,Old,64,20.570922,30.168224,29.787914,29.948900,34.000000,34.000000,0.222322,0.292501,0.391337,0.405394,540,2619,3600.000000,64,6,0,GUROBI,1,2,0,0
48,4,Old,64,20.786773,30.168224,29.935007,30.112399,34.000000,34.000000,0.222639,0.275008,0.330351,0.347040,311,1771,3600.000000,64,6,0,GUROBI,1,2,0,0
49,4,Old,64,21.201484,30.168224,29.808645,29.941915,34.000000,34.000000,0.215189,0.290036,0.364463,0.369442,378,1890,3600.000000,64,6,0,GUROBI,1,3,1,0
5,4,Old,64,20.570922,30.168224,29.802739,29.939590,34.000000,34.000000,0.206303,0.274175,0.349595,0.364681,432,2108,3600.000000,64,6,0,GUROBI,1,2,0,0
50,4,Old,64,20.661706,30.276423,29.820387,29.971807,34.000000,34.000000,0.207843,0.276465,0.324664,0.340032,354,1641,3600.000000,64,6,0,GUROBI,1,3,1,0
51,4,Old,64,20.877963,30.168224,29.991927,30.121569,34.000000,34.000000,0.218377,0.280583,0.288255,0.318326,153,1070,3600.000000,64,6,0,GUROBI,1,3,1,0
52,4,Old,64,21.201484,30.168224,29.808645,29.941915,34.000000,34.000000,0.215061,0.279096,0.353826,0.358836,378,1890,3600.000000,64,6,0,GUROBI,1,3,1,0
53,4,Old,64,20.570922,30.168224,29.802739,29.950653,34.000000,34.000000,0.213113,0.279343,0.305612,0.338985,257,1668,3600.000000,64,6,0,GUROBI,1,2,0,0
54,4,Old,64,20.570922,30.168224,29.787914,29.948900,34.000000,34.000000,0.219834,0.289925,0.389134,0.403186,540,2619,3600.000000,64,6,0,GUROBI,1,2,0,0
55,4,Old,64,21.450267,30.266484,30.088646,30.378122,34.000000,34.000000,0.231389,0.278893,0.327382,0.328047,232,1238,3600.000000,64,7,0,GUROBI,1,3,1,0
56,4,Old,64,20.570922,30.168224,29.802739,29.950653,34.000000,34.000000,0.201568,0.270961,0.297280,0.332077,257,1668,3600.000000,64,6,0,GUROBI,1,2,0,0
57,4,Old,64,20.570922,30.168224,29.802739,29.950653,34.000000,34.000000,0.207359,0.277813,0.304125,0.337362,257,1668,3600.000000,64,6,0,GUROBI,1,2,0,0
58,4,Old,64,20.570922,30.168224,29.736652,29.926043,34.000000,34.000000,0.231136,0.309362,0.340017,0.375247,262,1542,3600.000000,64,6,0,GUROBI,1,2,0,0
59,4,Old,64,20.570922,30.168224,29.802739,29.939590,34.000000,34.000000,0.206114,0.273959,0.349087,0.364112,432,2108,3600.000000,64,6,0,GUROBI,1,2,0,0
6,4,Old,64,21.143215,30.175190,29.732948,30.053786,34.000000,34.000000,0.199786,0.266320,0.329133,0.330006,296,1608,3600.000000,64,6,0,GUROBI,1,3,1,0
60,4,Old,64,21.201484,30.168224,29.808645,29.941915,34.000000,34.000000,0.216649,0.278731,0.353407,0.358400,378,1890,3600.000000,64,6,0,GUROBI,1,3,1,0
61,4,Old,64,20.570922,30.168224,29.801253,29.927598,34.000000,34.000000,0.208428,0.276938,0.326125,0.342921,336,1712,3600.000000,64,6,0,GUROBI,1,2,0,0
62,4,Old,64,20.570922,30.168224,29.802739,29.950653,34.000000,34.000000,0.201451,0.268133,0.294546,0.327821,257,1668,3600.000000,64,6,0,GUROBI,1,2,0,0
63,4,Old,64,20.570922,30.168224,29.795123,29.965269,34.000000,34.000000,0.219261,0.285959,0.348548,0.351001,288,1703,3600.000000,64,6,0,GUROBI,1,2,0,0
64,4,Old,64,20.867510,30.266484,30.142037,30.305540,34.000000,34.000000,0.284863,0.357251,0.443816,0.445100,450,2110,3600.000000,64,7,0,GUROBI,1,2,0,0
65,4,Old,64,20.877963,30.168224,29.999910,30.199655,34.000000,34.000000,0.219695,0.277421,0.335438,0.338042,306,1494,3600.000000,64,6,0,GUROBI,1,3,1,0
66,4,Old,64,20.570922,30.327890,29.767050,29.918118,34.000000,34.000000,0.218443,0.285283,0.364532,0.364905,390,1962,3600.000000,64,6,0,GUROBI,1,2,0,0
67,4,Old,64,20.570922,30.168224,29.801253,29.927598,34.000000,34.000000,0.208437,0.276824,0.326245,0.343109,336,1713,3600.000000,64,6,0,GUROBI,1,2,0,0
68,4,Old,64,20.570922,30.168224,29.857333,30.060118,34.000000,34.000000,0.209401,0.270901,0.344344,0.348271,360,1892,3600.000000,64,6,0,GUROBI,1,2,0,0
69,4,Old,64,20.570922,30.168224,29.802739,29.950653,34.000000,34.000000,0.203685,0.273090,0.300466,0.333674,257,1668,3600.000000,64,6,0,GUROBI,1,2,0,0
7,4,Old,64,20.570922,30.168224,29.736652,29.926043,34.000000,34.000000,0.235065,0.313581,0.343107,0.367988,262,1542,3600.000000,64,6,0,GUROBI,1,2,0,0
70,4,Old,64,21.073498,30.327890,30.036902,30.177254,34.000000,34.000000,0.196664,0.265738,0.321258,0.331669,343,1600,3600.000000,64,6,0,GUROBI,1,3,1,0
71,4,Old,64,20.570922,30.168224,29.802739,29.950653,34.000000,34.000000,0.214827,0.284137,0.310427,0.343776,257,1668,3600.000000,64,6,0,GUROBI,1,2,0,0
72,4,Old,64,21.201484,30.168224,29.865520,29.951097,34.000000,34.000000,0.215648,0.276609,0.328865,0.347688,366,1767,3600.000000,64,6,0,GUROBI,1,3,1,0
73,4,Old,64,20.570922,30.168224,29.802739,29.950653,34.000000,34.000000,0.202389,0.272491,0.299287,0.332674,257,1668,3600.000000,64,6,0,GUROBI,1,2,0,0
74,4,Old,64,20.867510,30.265287,30.064914,30.253107,34.000000,34.000000,0.245262,0.313023,0.363985,0.373918,333,1563,3600.000000,64,7,0,GUROBI,1,2,0,0
75,4,Old,64,21.143215,30.175190,29.732948,30.053786,34.000000,34.000000,0.204602,0.274135,0.337373,0.338258,296,1608,3600.000000,64,6,0,GUROBI,1,3,1,0
76,4,Old,64,20.570922,30.168224,29.802739,29.939590,34.000000,34.000000,0.202748,0.272592,0.348298,0.363415,432,2108,3600.000000,64,6,0,GUROBI,1,2,0,0
77,4,Old,64,20.570922,30.168224,29.841490,29.919711,34.000000,34.000000,0.214622,0.276353,0.346753,0.348111,248,1525,3600.000000,64,6,0,GUROBI,1,2,0,0
78,4,Old,64,20.570922,30.168224,29.857333,30.060118,34.000000,34.000000,0.204174,0.262721,0.328351,0.332287,360,1892,3600.000000,64,6,0,GUROBI,1,2,0,0
79,4,Old,64,20.570922,30.168224,29.802739,29.950653,34.000000,34.000000,0.204213,0.271057,0.297313,0.330542,257,1668,3600.000000,64,6,0,GUROBI,1,2,0,0
8,4,Old,64,20.570922,30.168224,29.802739,29.950653,34.000000,34.000000,0.201633,0.268974,0.295408,0.328694,257,1668,3600.000000,64,6,0,GUROBI,1,2,0,0
80,4,Old,64,20.570922,30.168224,29.802739,29.950653,34.000000,34.000000,0.203373,0.275848,0.302187,0.335374,257,1668,3600.000000,64,6,0,GUROBI,1,2,0,0
81,4,Old,64,20.786773,30.168224,29.935007,30.112399,34.000000,34.000000,0.212725,0.263869,0.319512,0.336245,311,1771,3600.000000,64,6,0,GUROBI,1,2,0,0
82,4,Old,64,20.570922,30.168224,29.802739,29.950653,34.000000,34.000000,0.212929,0.281525,0.307818,0.341035,257,1668,3600.000000,64,6,0,GUROBI,1,2,0,0
83,4,Old,64,20.570922,30.168224,29.675281,29.913876,34.000000,34.000000,0.200171,0.252498,0.267590,0.297926,238,1253,3600.000000,64,6,0,GUROBI,1,2,0,0
